RMSE_mean,MAE_mean,MAPE_mean,CORR_mean
1267.495757154538,1156.319055303019,37.180128183599415,85.96692700990022
