{
    "lr": 3.583274074412162e-05,
    "alpha": 0.06471938897057132,
    "gamma": 0.3130784898142761,
    "dropout": 0.33120496721903847,
    "gcn_depth": 3,
    "attn_heads": 1,
    "use_transform": true,
    "GRAPHS": [
        "dist",
        "travel"
    ]
}